epoch,time,train/box_loss,train/seg_loss,train/cls_loss,train/dfl_loss,train/sem_loss,metrics/precision(B),metrics/recall(B),metrics/mAP50(B),metrics/mAP50-95(B),metrics/precision(M),metrics/recall(M),metrics/mAP50(M),metrics/mAP50-95(M),val/box_loss,val/seg_loss,val/cls_loss,val/dfl_loss,val/sem_loss,lr/pg0,lr/pg1,lr/pg2,lr/pg3,lr/pg4,lr/pg5,lr/pg6,lr/pg7
1,61.2142,1.03947,3.13727,3.26389,1.21999,0,0.25785,0.11073,0.20614,0.14785,0.25537,0.10939,0.19952,0.13053,0.88261,2.11006,2.94143,1.12961,0,0.00124228,0.000414095,0.00124228,0.000414095,0.00124228,0.000414095,0.00124228,0.000414095
2,109.031,0.97422,2.32591,2.53504,1.17095,0,0.54289,0.50231,0.4902,0.34249,0.53948,0.48526,0.47274,0.30685,0.91272,1.91028,1.82011,1.16595,0,0.00246761,0.000822537,0.00246761,0.000822537,0.00246761,0.000822537,0.00246761,0.000822537
3,155.34,0.9351,2.15872,1.69188,1.1724,0,0.69815,0.5973,0.65609,0.4625,0.6844,0.58631,0.63301,0.41584,0.86608,1.8692,1.3202,1.14227,0,0.00366819,0.00122273,0.00366819,0.00122273,0.00366819,0.00122273,0.00366819,0.00122273
4,199.409,0.88009,2.1045,1.35527,1.13981,0,0.80645,0.62609,0.71293,0.49604,0.79343,0.61305,0.69107,0.44253,0.86295,1.85418,1.1689,1.12945,0,0.00363862,0.00121287,0.00363862,0.00121287,0.00363862,0.00121287,0.00363862,0.00121287
5,246.011,0.87768,2.06349,1.24705,1.13051,0,0.76979,0.70548,0.75416,0.53666,0.75536,0.68702,0.72792,0.48198,0.85417,1.82319,1.0792,1.11377,0,0.0036015,0.0012005,0.0036015,0.0012005,0.0036015,0.0012005,0.0036015,0.0012005
6,294.418,0.87188,2.00029,1.19262,1.12308,0,0.81163,0.69574,0.75813,0.53511,0.78856,0.68721,0.73329,0.4747,0.83196,1.81383,1.05116,1.09955,0,0.00356437,0.00118812,0.00356437,0.00118812,0.00356437,0.00118812,0.00356437,0.00118812
7,337.656,0.85049,1.95222,1.13877,1.10973,0,0.81313,0.71008,0.76997,0.54987,0.81273,0.68918,0.7489,0.48406,0.83948,1.79443,1.01104,1.10689,0,0.00352725,0.00117575,0.00352725,0.00117575,0.00352725,0.00117575,0.00352725,0.00117575
8,379.193,0.8632,1.99918,1.10004,1.1129,0,0.78533,0.72622,0.78005,0.56262,0.77058,0.71261,0.75094,0.50455,0.82801,1.79947,0.98241,1.09255,0,0.00349012,0.00116337,0.00349012,0.00116337,0.00349012,0.00116337,0.00349012,0.00116337
9,430.364,0.82304,1.91546,1.06559,1.09368,0,0.78261,0.75697,0.78301,0.56225,0.7928,0.73448,0.76164,0.50975,0.84471,1.79089,0.97502,1.10308,0,0.003453,0.001151,0.003453,0.001151,0.003453,0.001151,0.003453,0.001151
10,479.699,0.84565,1.92202,1.02966,1.10163,0,0.79846,0.74532,0.78675,0.56776,0.78463,0.72516,0.76137,0.51055,0.83858,1.84277,0.95056,1.10086,0,0.00341588,0.00113863,0.00341588,0.00113863,0.00341588,0.00113863,0.00341588,0.00113863
11,526.478,0.81751,1.8641,0.99282,1.08321,0,0.80785,0.74093,0.7842,0.56483,0.79031,0.72328,0.75853,0.51286,0.83809,1.78343,0.95848,1.10267,0,0.00337875,0.00112625,0.00337875,0.00112625,0.00337875,0.00112625,0.00337875,0.00112625
12,567.723,0.82218,1.84272,0.98168,1.08183,0,0.80942,0.74331,0.79332,0.57452,0.78639,0.71897,0.7584,0.5091,0.84969,1.83872,0.94085,1.10536,0,0.00334162,0.00111388,0.00334162,0.00111388,0.00334162,0.00111388,0.00334162,0.00111388
13,608.568,0.81126,1.88257,0.9626,1.08113,0,0.804,0.7552,0.79121,0.57284,0.78906,0.73729,0.76667,0.51537,0.83185,1.83578,0.89258,1.09988,0,0.0033045,0.0011015,0.0033045,0.0011015,0.0033045,0.0011015,0.0033045,0.0011015
14,649.759,0.80847,1.78984,0.94122,1.07286,0,0.80193,0.76234,0.80598,0.58313,0.78252,0.74418,0.77416,0.52447,0.82902,1.77664,0.89245,1.08649,0,0.00326737,0.00108913,0.00326737,0.00108913,0.00326737,0.00108913,0.00326737,0.00108913
15,691.128,0.78367,1.78291,0.91044,1.06976,0,0.82727,0.73043,0.80408,0.58215,0.82402,0.71868,0.77878,0.52908,0.84359,1.76464,0.87024,1.10628,0,0.00323025,0.00107675,0.00323025,0.00107675,0.00323025,0.00107675,0.00323025,0.00107675
16,740.65,0.8019,1.82024,0.91645,1.07912,0,0.80042,0.7634,0.81237,0.5879,0.78722,0.75031,0.78496,0.52898,0.83718,1.76754,0.83003,1.09058,0,0.00319313,0.00106437,0.00319313,0.00106437,0.00319313,0.00106437,0.00319313,0.00106437
17,789.013,0.79839,1.80478,0.90451,1.06933,0,0.81414,0.77547,0.81461,0.5857,0.79548,0.7582,0.79046,0.52254,0.83634,1.78508,0.84094,1.0957,0,0.003156,0.001052,0.003156,0.001052,0.003156,0.001052,0.003156,0.001052
18,838.041,0.76711,1.73608,0.88973,1.06181,0,0.80601,0.75493,0.80801,0.58916,0.78794,0.73518,0.77501,0.53558,0.83581,1.81295,0.81933,1.10079,0,0.00311887,0.00103962,0.00311887,0.00103962,0.00311887,0.00103962,0.00311887,0.00103962
19,887.215,0.7828,1.73361,0.86011,1.06727,0,0.81546,0.76874,0.80734,0.58994,0.79688,0.75262,0.78127,0.53829,0.84359,1.84189,0.80504,1.09018,0,0.00308175,0.00102725,0.00308175,0.00102725,0.00308175,0.00102725,0.00308175,0.00102725
20,938.044,0.77515,1.72962,0.85943,1.0656,0,0.83493,0.76825,0.80481,0.58748,0.81512,0.74236,0.77226,0.53183,0.83366,1.84734,0.80209,1.08925,0,0.00304463,0.00101488,0.00304463,0.00101488,0.00304463,0.00101488,0.00304463,0.00101488
21,987.305,0.77313,1.71395,0.83468,1.05515,0,0.8263,0.74937,0.8061,0.59485,0.82553,0.71759,0.78114,0.53562,0.82001,1.80645,0.81269,1.08635,0,0.0030075,0.0010025,0.0030075,0.0010025,0.0030075,0.0010025,0.0030075,0.0010025
22,1033.38,0.76833,1.76481,0.84268,1.05929,0,0.82777,0.76877,0.81675,0.59439,0.80966,0.74965,0.78467,0.53908,0.82536,1.82857,0.80295,1.08981,0,0.00297037,0.000990125,0.00297037,0.000990125,0.00297037,0.000990125,0.00297037,0.000990125
23,1077.13,0.7581,1.70523,0.81386,1.05156,0,0.83172,0.74686,0.81179,0.59657,0.82533,0.72215,0.77551,0.54024,0.8259,1.82072,0.79665,1.09387,0,0.00293325,0.00097775,0.00293325,0.00097775,0.00293325,0.00097775,0.00293325,0.00097775
24,1122.19,0.78503,1.76422,0.83251,1.06625,0,0.82829,0.75399,0.80943,0.59394,0.81767,0.73926,0.78535,0.53224,0.8348,1.83056,0.7919,1.09475,0,0.00289612,0.000965375,0.00289612,0.000965375,0.00289612,0.000965375,0.00289612,0.000965375
25,1167.42,0.75818,1.73034,0.81892,1.05176,0,0.82366,0.7722,0.81632,0.59154,0.81996,0.74211,0.78586,0.53688,0.85423,1.81106,0.78706,1.11924,0,0.002859,0.000953,0.002859,0.000953,0.002859,0.000953,0.002859,0.000953
26,1212.66,0.76204,1.67675,0.79257,1.05076,0,0.82865,0.77308,0.81913,0.59638,0.83256,0.72566,0.78537,0.54347,0.83935,1.80104,0.77951,1.10836,0,0.00282187,0.000940625,0.00282187,0.000940625,0.00282187,0.000940625,0.00282187,0.000940625
27,1256.6,0.76006,1.70342,0.79562,1.05735,0,0.82824,0.76786,0.80131,0.58641,0.80473,0.74935,0.76935,0.52312,0.8392,1.8334,0.78229,1.09768,0,0.00278475,0.00092825,0.00278475,0.00092825,0.00278475,0.00092825,0.00278475,0.00092825
28,1298.53,0.74809,1.67273,0.77276,1.04193,0,0.82433,0.76418,0.80744,0.59168,0.83315,0.73433,0.77866,0.53356,0.83414,1.86774,0.77187,1.09422,0,0.00274763,0.000915875,0.00274763,0.000915875,0.00274763,0.000915875,0.00274763,0.000915875
29,1345.82,0.75537,1.69116,0.76861,1.04269,0,0.84488,0.74325,0.80915,0.59044,0.8303,0.72348,0.77716,0.53436,0.83568,1.82222,0.77752,1.08697,0,0.0027105,0.0009035,0.0027105,0.0009035,0.0027105,0.0009035,0.0027105,0.0009035
30,1395.31,0.74472,1.6895,0.76103,1.04151,0,0.80996,0.76311,0.80668,0.59221,0.81231,0.74324,0.78147,0.53392,0.82903,1.83542,0.77611,1.09403,0,0.00267337,0.000891125,0.00267337,0.000891125,0.00267337,0.000891125,0.00267337,0.000891125
31,1445.07,0.74672,1.65164,0.75463,1.0402,0,0.82616,0.77642,0.81502,0.59868,0.8186,0.75468,0.78622,0.5463,0.82847,1.83109,0.74609,1.09158,0,0.00263625,0.00087875,0.00263625,0.00087875,0.00263625,0.00087875,0.00263625,0.00087875
32,1488.88,0.74449,1.63165,0.74793,1.03469,0,0.84038,0.77569,0.82371,0.59603,0.82058,0.75865,0.79206,0.53529,0.82949,1.8571,0.75141,1.08848,0,0.00259912,0.000866375,0.00259912,0.000866375,0.00259912,0.000866375,0.00259912,0.000866375
33,1535,0.74459,1.61912,0.74162,1.0464,0,0.82182,0.76219,0.81836,0.59054,0.79926,0.7472,0.78414,0.53783,0.84826,1.86032,0.77077,1.10407,0,0.002562,0.000854,0.002562,0.000854,0.002562,0.000854,0.002562,0.000854
34,1580.74,0.73923,1.63843,0.74296,1.03987,0,0.83464,0.76007,0.82261,0.5976,0.82883,0.73475,0.78513,0.54087,0.83645,1.82774,0.75602,1.09011,0,0.00252487,0.000841625,0.00252487,0.000841625,0.00252487,0.000841625,0.00252487,0.000841625
35,1630.07,0.7339,1.62192,0.72057,1.0314,0,0.84122,0.77054,0.82024,0.59297,0.81493,0.74769,0.78253,0.53335,0.83824,1.8388,0.74347,1.09658,0,0.00248775,0.00082925,0.00248775,0.00082925,0.00248775,0.00082925,0.00248775,0.00082925
36,1679.76,0.72527,1.57265,0.71547,1.0284,0,0.84342,0.76836,0.82808,0.59569,0.82505,0.75015,0.79609,0.53685,0.83719,1.82713,0.73409,1.09326,0,0.00245062,0.000816875,0.00245062,0.000816875,0.00245062,0.000816875,0.00245062,0.000816875
37,1726.9,0.72656,1.62892,0.71693,1.02744,0,0.8355,0.75196,0.81517,0.58933,0.85387,0.70026,0.77912,0.53338,0.84452,1.85566,0.75786,1.10015,0,0.0024135,0.0008045,0.0024135,0.0008045,0.0024135,0.0008045,0.0024135,0.0008045
38,1775.04,0.72734,1.62083,0.70349,1.03116,0,0.82865,0.77238,0.81538,0.59819,0.81813,0.74954,0.77969,0.53576,0.83435,1.87822,0.74631,1.10041,0,0.00237638,0.000792125,0.00237638,0.000792125,0.00237638,0.000792125,0.00237638,0.000792125
39,1818.97,0.72191,1.62164,0.71802,1.03907,0,0.81743,0.76674,0.81379,0.5937,0.83714,0.72597,0.78317,0.53305,0.83253,1.90966,0.74072,1.0956,0,0.00233925,0.00077975,0.00233925,0.00077975,0.00233925,0.00077975,0.00233925,0.00077975
40,1864.89,0.7244,1.59671,0.70624,1.03,0,0.83745,0.75773,0.81976,0.59565,0.84118,0.71825,0.78872,0.53127,0.83353,1.84539,0.74371,1.09925,0,0.00230212,0.000767375,0.00230212,0.000767375,0.00230212,0.000767375,0.00230212,0.000767375
41,1911.42,0.73704,1.61659,0.71254,1.03205,0,0.83221,0.76212,0.8156,0.59908,0.82687,0.7386,0.78784,0.53836,0.83081,1.8353,0.72299,1.09524,0,0.002265,0.000755,0.002265,0.000755,0.002265,0.000755,0.002265,0.000755
42,1957.95,0.73418,1.61197,0.69332,1.0246,0,0.84379,0.77066,0.82409,0.60633,0.82648,0.75529,0.79446,0.54369,0.83863,1.89118,0.7231,1.09888,0,0.00222788,0.000742625,0.00222788,0.000742625,0.00222788,0.000742625,0.00222788,0.000742625
43,2003.95,0.72872,1.60195,0.70364,1.03336,0,0.84519,0.76894,0.82497,0.60463,0.82723,0.74717,0.79504,0.54311,0.82542,1.84542,0.71355,1.08743,0,0.00219075,0.00073025,0.00219075,0.00073025,0.00219075,0.00073025,0.00219075,0.00073025
44,2047.26,0.70406,1.52442,0.67648,1.01905,0,0.85689,0.76322,0.81735,0.59819,0.83493,0.74191,0.78584,0.53429,0.83611,1.91106,0.72766,1.09748,0,0.00215363,0.000717875,0.00215363,0.000717875,0.00215363,0.000717875,0.00215363,0.000717875
45,2085.5,0.7134,1.58707,0.67783,1.03221,0,0.82377,0.77135,0.8092,0.58767,0.81442,0.75373,0.78349,0.53336,0.83568,1.8356,0.73145,1.09679,0,0.0021165,0.0007055,0.0021165,0.0007055,0.0021165,0.0007055,0.0021165,0.0007055
46,2123.45,0.70735,1.55062,0.67602,1.02161,0,0.8571,0.75665,0.82504,0.60393,0.84586,0.73015,0.78858,0.53973,0.82811,1.93136,0.72019,1.09495,0,0.00207938,0.000693125,0.00207938,0.000693125,0.00207938,0.000693125,0.00207938,0.000693125
47,2161.39,0.71293,1.55954,0.683,1.01213,0,0.84307,0.78256,0.8315,0.60496,0.83185,0.75818,0.79921,0.54176,0.82806,1.89517,0.7209,1.091,0,0.00204225,0.00068075,0.00204225,0.00068075,0.00204225,0.00068075,0.00204225,0.00068075
48,2199.26,0.72561,1.58778,0.67615,1.02223,0,0.84852,0.78196,0.8302,0.60586,0.82462,0.75902,0.79237,0.53881,0.83135,1.87175,0.70868,1.09868,0,0.00200512,0.000668375,0.00200512,0.000668375,0.00200512,0.000668375,0.00200512,0.000668375
49,2236.78,0.70154,1.53596,0.66968,1.01534,0,0.83433,0.78778,0.82376,0.60137,0.82657,0.75591,0.78645,0.53875,0.83123,1.90394,0.72386,1.09364,0,0.001968,0.000656,0.001968,0.000656,0.001968,0.000656,0.001968,0.000656
50,2274.43,0.71565,1.57938,0.67299,1.02411,0,0.84543,0.76735,0.82276,0.60133,0.82822,0.74879,0.79346,0.53722,0.83055,1.92076,0.71407,1.09203,0,0.00193088,0.000643625,0.00193088,0.000643625,0.00193088,0.000643625,0.00193088,0.000643625
51,2312.16,0.69789,1.53339,0.65696,1.01919,0,0.81674,0.76978,0.8147,0.59423,0.80938,0.73956,0.78895,0.54077,0.8375,1.9177,0.73986,1.09704,0,0.00189375,0.00063125,0.00189375,0.00063125,0.00189375,0.00063125,0.00189375,0.00063125
52,2350.34,0.70267,1.54641,0.65032,1.01791,0,0.82338,0.78043,0.8243,0.60375,0.84696,0.72771,0.79731,0.53975,0.83394,1.92731,0.74407,1.09866,0,0.00185662,0.000618875,0.00185662,0.000618875,0.00185662,0.000618875,0.00185662,0.000618875
53,2387.9,0.69142,1.49769,0.64162,1.01452,0,0.85111,0.76602,0.81394,0.59675,0.83627,0.74659,0.79124,0.53829,0.83495,1.95215,0.72511,1.09668,0,0.0018195,0.0006065,0.0018195,0.0006065,0.0018195,0.0006065,0.0018195,0.0006065
54,2425.64,0.69465,1.51726,0.64804,1.01324,0,0.85717,0.76953,0.81729,0.59651,0.84485,0.75074,0.79135,0.53969,0.84098,1.908,0.73065,1.09549,0,0.00178237,0.000594125,0.00178237,0.000594125,0.00178237,0.000594125,0.00178237,0.000594125
55,2463.42,0.69132,1.53042,0.64496,1.01448,0,0.84426,0.7526,0.81485,0.59884,0.8335,0.74461,0.79374,0.5381,0.8406,1.88314,0.73561,1.09654,0,0.00174525,0.00058175,0.00174525,0.00058175,0.00174525,0.00058175,0.00174525,0.00058175
56,2501.39,0.69999,1.50849,0.63688,1.00769,0,0.83113,0.77915,0.82515,0.60687,0.81538,0.76548,0.79685,0.54318,0.83106,1.85731,0.71887,1.08913,0,0.00170812,0.000569375,0.00170812,0.000569375,0.00170812,0.000569375,0.00170812,0.000569375
57,2538.85,0.68889,1.49146,0.63729,1.00299,0,0.85769,0.74795,0.81488,0.59686,0.83999,0.73269,0.78837,0.53352,0.83804,1.90983,0.72771,1.10406,0,0.001671,0.000557,0.001671,0.000557,0.001671,0.000557,0.001671,0.000557
58,2576.38,0.70158,1.5363,0.64344,1.00696,0,0.82379,0.77104,0.81313,0.596,0.81125,0.75568,0.78554,0.53903,0.84525,1.92155,0.72553,1.11098,0,0.00163388,0.000544625,0.00163388,0.000544625,0.00163388,0.000544625,0.00163388,0.000544625
59,2614.01,0.70174,1.54403,0.64043,1.00775,0,0.82977,0.77765,0.82081,0.6077,0.80581,0.7608,0.78782,0.54368,0.82732,1.91744,0.70992,1.09974,0,0.00159675,0.00053225,0.00159675,0.00053225,0.00159675,0.00053225,0.00159675,0.00053225
60,2652.06,0.6663,1.45559,0.61581,1.00113,0,0.83177,0.76717,0.81583,0.60336,0.82411,0.75123,0.79053,0.54438,0.83336,1.93866,0.71808,1.09759,0,0.00155963,0.000519875,0.00155963,0.000519875,0.00155963,0.000519875,0.00155963,0.000519875
61,2689.6,0.70052,1.50699,0.61972,1.00237,0,0.83921,0.75803,0.82172,0.60318,0.82,0.7415,0.78961,0.54331,0.83193,1.90104,0.71229,1.09333,0,0.0015225,0.0005075,0.0015225,0.0005075,0.0015225,0.0005075,0.0015225,0.0005075
62,2726.93,0.67235,1.49887,0.60936,1.00056,0,0.8502,0.76241,0.82285,0.60456,0.84412,0.74481,0.79276,0.54634,0.83147,1.92978,0.71029,1.09362,0,0.00148537,0.000495125,0.00148537,0.000495125,0.00148537,0.000495125,0.00148537,0.000495125
63,2764.17,0.67753,1.49394,0.61171,1.00703,0,0.83894,0.77105,0.82659,0.60418,0.83529,0.74542,0.79626,0.5476,0.82992,1.90171,0.69852,1.09404,0,0.00144825,0.00048275,0.00144825,0.00048275,0.00144825,0.00048275,0.00144825,0.00048275
64,2801.64,0.67213,1.47724,0.60938,0.99897,0,0.86522,0.75813,0.83113,0.60989,0.84845,0.74093,0.799,0.55168,0.84017,1.93101,0.70729,1.10156,0,0.00141113,0.000470375,0.00141113,0.000470375,0.00141113,0.000470375,0.00141113,0.000470375
65,2839.25,0.67565,1.47479,0.60556,0.99603,0,0.84421,0.76043,0.82129,0.5979,0.84407,0.73749,0.78978,0.54086,0.83557,1.95036,0.72524,1.10021,0,0.001374,0.000458,0.001374,0.000458,0.001374,0.000458,0.001374,0.000458
66,2876.75,0.6707,1.45236,0.5988,0.99817,0,0.8521,0.76931,0.82802,0.60902,0.85223,0.74707,0.79958,0.54951,0.83041,1.96111,0.69986,1.0921,0,0.00133687,0.000445625,0.00133687,0.000445625,0.00133687,0.000445625,0.00133687,0.000445625
67,2914.08,0.66098,1.4508,0.59678,0.99498,0,0.86972,0.75113,0.83195,0.60661,0.85352,0.73704,0.80026,0.55097,0.83901,1.91637,0.70929,1.09289,0,0.00129975,0.00043325,0.00129975,0.00043325,0.00129975,0.00043325,0.00129975,0.00043325
68,2951.7,0.66444,1.46833,0.59981,1.00154,0,0.86085,0.75914,0.83176,0.61036,0.84522,0.74112,0.80305,0.5532,0.83381,1.93158,0.69723,1.08748,0,0.00126262,0.000420875,0.00126262,0.000420875,0.00126262,0.000420875,0.00126262,0.000420875
69,2989.12,0.67346,1.47244,0.6002,0.99923,0,0.81806,0.77347,0.82699,0.61006,0.82514,0.7436,0.80042,0.55374,0.83419,1.91562,0.70203,1.09256,0,0.0012255,0.0004085,0.0012255,0.0004085,0.0012255,0.0004085,0.0012255,0.0004085
70,3026.58,0.67015,1.47747,0.59824,1.00321,0,0.84915,0.75897,0.82902,0.60865,0.87015,0.71891,0.79597,0.54706,0.82586,1.92838,0.70122,1.08531,0,0.00118838,0.000396125,0.00118838,0.000396125,0.00118838,0.000396125,0.00118838,0.000396125
71,3063.91,0.65971,1.42118,0.59229,0.99552,0,0.86424,0.74637,0.82783,0.61116,0.84961,0.73201,0.80083,0.5528,0.82042,1.93496,0.70049,1.08525,0,0.00115125,0.00038375,0.00115125,0.00038375,0.00115125,0.00038375,0.00115125,0.00038375
72,3101.4,0.67313,1.43365,0.58924,0.99414,0,0.85164,0.75371,0.8309,0.61021,0.8514,0.7367,0.80004,0.55058,0.82277,1.91661,0.69098,1.08898,0,0.00111413,0.000371375,0.00111413,0.000371375,0.00111413,0.000371375,0.00111413,0.000371375
73,3138.59,0.66614,1.44643,0.58634,0.99653,0,0.84973,0.75843,0.83225,0.60951,0.8335,0.74443,0.7995,0.55048,0.82717,1.9206,0.69168,1.09613,0,0.001077,0.000359,0.001077,0.000359,0.001077,0.000359,0.001077,0.000359
74,3175.92,0.65548,1.41528,0.58659,0.99328,0,0.85443,0.75973,0.82532,0.60661,0.83057,0.74405,0.79666,0.54941,0.82422,1.9426,0.69231,1.09352,0,0.00103988,0.000346625,0.00103988,0.000346625,0.00103988,0.000346625,0.00103988,0.000346625
75,3213.24,0.66293,1.4587,0.5787,0.99643,0,0.85205,0.75978,0.82773,0.60879,0.84501,0.73374,0.79537,0.54817,0.81965,1.94489,0.68729,1.08746,0,0.00100275,0.00033425,0.00100275,0.00033425,0.00100275,0.00033425,0.00100275,0.00033425
76,3251.35,0.66944,1.45277,0.59468,0.99891,0,0.83705,0.77244,0.82307,0.60291,0.82417,0.75695,0.79556,0.54239,0.82704,1.98755,0.69142,1.0888,0,0.000965625,0.000321875,0.000965625,0.000321875,0.000965625,0.000321875,0.000965625,0.000321875
77,3288.76,0.65534,1.42985,0.58211,0.99394,0,0.87478,0.754,0.83165,0.60801,0.86956,0.73929,0.80492,0.55309,0.83524,1.92884,0.68888,1.09567,0,0.0009285,0.0003095,0.0009285,0.0003095,0.0009285,0.0003095,0.0009285,0.0003095
78,3326.44,0.66283,1.42164,0.57516,0.99006,0,0.84841,0.77749,0.83469,0.60999,0.85078,0.74324,0.79856,0.55207,0.82943,1.94361,0.68472,1.08794,0,0.000891375,0.000297125,0.000891375,0.000297125,0.000891375,0.000297125,0.000891375,0.000297125
79,3364.08,0.65541,1.43633,0.576,0.99005,0,0.85526,0.76577,0.83084,0.60638,0.85599,0.74315,0.80371,0.54879,0.83647,1.9632,0.68642,1.09055,0,0.00085425,0.00028475,0.00085425,0.00028475,0.00085425,0.00028475,0.00085425,0.00028475
80,3406.64,0.65551,1.41898,0.56725,0.99642,0,0.84739,0.75527,0.82739,0.60408,0.85341,0.7382,0.79833,0.55254,0.83549,1.94824,0.69004,1.09482,0,0.000817125,0.000272375,0.000817125,0.000272375,0.000817125,0.000272375,0.000817125,0.000272375
81,3449.88,0.64466,1.43186,0.57164,0.9931,0,0.85066,0.75972,0.82897,0.60959,0.8143,0.76242,0.80215,0.55477,0.83469,1.9289,0.68486,1.09443,0,0.00078,0.00026,0.00078,0.00026,0.00078,0.00026,0.00078,0.00026
82,3491.88,0.66551,1.44978,0.57532,0.98962,0,0.84151,0.77675,0.82894,0.60729,0.82138,0.76416,0.80326,0.5524,0.83092,1.91489,0.68915,1.08847,0,0.000742875,0.000247625,0.000742875,0.000247625,0.000742875,0.000247625,0.000742875,0.000247625
83,3533.29,0.65087,1.38766,0.55515,0.98526,0,0.83886,0.77429,0.82874,0.60771,0.83535,0.75293,0.79745,0.55063,0.82784,1.91587,0.68731,1.08661,0,0.00070575,0.00023525,0.00070575,0.00023525,0.00070575,0.00023525,0.00070575,0.00023525
84,3576.1,0.65346,1.4415,0.57744,0.99137,0,0.82639,0.78237,0.82633,0.60542,0.81035,0.76712,0.80051,0.55119,0.83318,1.9525,0.69206,1.09402,0,0.000668625,0.000222875,0.000668625,0.000222875,0.000668625,0.000222875,0.000668625,0.000222875
85,3618.43,0.64978,1.43185,0.5813,0.987,0,0.83131,0.77688,0.82747,0.6064,0.82211,0.75316,0.79733,0.55231,0.83067,1.95822,0.68572,1.09762,0,0.0006315,0.0002105,0.0006315,0.0002105,0.0006315,0.0002105,0.0006315,0.0002105
86,3660.35,0.65012,1.41264,0.56718,0.98906,0,0.82997,0.77474,0.82879,0.60858,0.86304,0.72329,0.79818,0.55421,0.81856,1.93173,0.68458,1.0868,0,0.000594375,0.000198125,0.000594375,0.000198125,0.000594375,0.000198125,0.000594375,0.000198125
87,3701.93,0.66386,1.4564,0.57546,0.9878,0,0.83662,0.77278,0.82851,0.61304,0.85337,0.73404,0.79798,0.55385,0.81806,1.94312,0.68378,1.08677,0,0.00055725,0.00018575,0.00055725,0.00018575,0.00055725,0.00018575,0.00055725,0.00018575
88,3745.08,0.64465,1.40209,0.56066,0.9864,0,0.82743,0.79019,0.82924,0.61162,0.84893,0.73446,0.79621,0.55111,0.82669,1.95526,0.68481,1.09108,0,0.000520125,0.000173375,0.000520125,0.000173375,0.000520125,0.000173375,0.000520125,0.000173375
89,3787.19,0.65086,1.40396,0.55755,0.98731,0,0.84701,0.77206,0.83018,0.6115,0.85354,0.73568,0.79679,0.55405,0.83279,1.96924,0.67932,1.09843,0,0.000483,0.000161,0.000483,0.000161,0.000483,0.000161,0.000483,0.000161
90,3828.93,0.64586,1.41407,0.5667,0.97912,0,0.84645,0.76881,0.82644,0.60691,0.83657,0.75291,0.79709,0.55119,0.83248,1.9417,0.6819,1.09634,0,0.000445875,0.000148625,0.000445875,0.000148625,0.000445875,0.000148625,0.000445875,0.000148625
91,3904.53,0.61389,1.19799,0.52791,0.97535,0,0.86316,0.75566,0.81981,0.60451,0.84993,0.73773,0.78852,0.54336,0.83061,1.96786,0.68971,1.09662,0,0.00040875,0.00013625,0.00040875,0.00013625,0.00040875,0.00013625,0.00040875,0.00013625
92,3946.15,0.61695,1.18817,0.51614,0.96655,0,0.87025,0.75569,0.82372,0.60466,0.85357,0.73703,0.79528,0.54771,0.82634,1.9721,0.68817,1.09257,0,0.000371625,0.000123875,0.000371625,0.000123875,0.000371625,0.000123875,0.000371625,0.000123875
93,3986.43,0.60427,1.17207,0.50131,0.96711,0,0.84981,0.77037,0.82385,0.60849,0.84736,0.75268,0.79503,0.54954,0.82799,1.98165,0.68578,1.09541,0,0.0003345,0.0001115,0.0003345,0.0001115,0.0003345,0.0001115,0.0003345,0.0001115
94,4028.48,0.61234,1.18559,0.50664,0.96762,0,0.86312,0.76645,0.82476,0.60403,0.84596,0.74683,0.79376,0.54785,0.82765,1.96049,0.68897,1.09265,0,0.000297375,9.9125e-05,0.000297375,9.9125e-05,0.000297375,9.9125e-05,0.000297375,9.9125e-05
95,4069.92,0.60423,1.17685,0.50309,0.95773,0,0.86731,0.7697,0.8297,0.60756,0.85005,0.74987,0.79544,0.54995,0.8234,1.95399,0.68464,1.08575,0,0.00026025,8.675e-05,0.00026025,8.675e-05,0.00026025,8.675e-05,0.00026025,8.675e-05
96,4111.2,0.6009,1.17326,0.49728,0.96729,0,0.86823,0.76431,0.83019,0.61292,0.85092,0.74533,0.80015,0.55544,0.82312,1.95482,0.67474,1.08657,0,0.000223125,7.4375e-05,0.000223125,7.4375e-05,0.000223125,7.4375e-05,0.000223125,7.4375e-05
97,4151.8,0.58888,1.14698,0.48294,0.95348,0,0.87228,0.7627,0.82843,0.60973,0.85905,0.74992,0.80011,0.5527,0.82681,1.96027,0.68135,1.08727,0,0.000186,6.2e-05,0.000186,6.2e-05,0.000186,6.2e-05,0.000186,6.2e-05
98,4193.13,0.60005,1.16074,0.48997,0.96639,0,0.8716,0.76221,0.8304,0.61264,0.86553,0.74149,0.79786,0.55482,0.8247,1.95902,0.67854,1.08646,0,0.000148875,4.9625e-05,0.000148875,4.9625e-05,0.000148875,4.9625e-05,0.000148875,4.9625e-05
99,4235.08,0.59152,1.14427,0.48216,0.95049,0,0.86548,0.76454,0.82876,0.61042,0.85919,0.73373,0.79461,0.55424,0.82319,1.9732,0.677,1.08704,0,0.00011175,3.725e-05,0.00011175,3.725e-05,0.00011175,3.725e-05,0.00011175,3.725e-05
100,4276.46,0.59518,1.16219,0.49598,0.96019,0,0.87308,0.76089,0.82822,0.61024,0.86098,0.7386,0.79524,0.55257,0.82537,1.97926,0.68091,1.08834,0,7.4625e-05,2.4875e-05,7.4625e-05,2.4875e-05,7.4625e-05,2.4875e-05,7.4625e-05,2.4875e-05
